trade_date,open,high,low,close,vol,amount
20011012,12.75,12.96,11.9,12.62,149809.29,186337.3182
20011019,12.61,13.39,12.35,12.72,386837.42,502052.5411
20011026,12.68,14.5,12.58,13.9,750089.18,1047115.8871
20011102,13.92,14.1,13.5,13.6,150686.89,207263.9221
20011109,13.55,13.58,12.55,13.32,172269.54,226705.5389
20011116,13.34,14.2,13.0,13.25,117490.97,157419.429
20011123,13.38,13.8,13.15,13.54,124159.9,168015.531
20011130,13.5,13.75,13.3,13.42,104590.61,140615.4169
20011207,13.42,13.65,13.13,13.19,160862.74,215053.4487
20011214,13.15,13.25,12.63,12.71,121688.02,157137.2621
20011221,12.69,12.8,12.25,12.33,113892.0,142316.4365
20011228,12.4,12.42,11.99,12.16,116857.13,141903.1689
20020104,12.2,12.3,12.07,12.11,33698.97,41055.0108
20020111,12.11,12.2,11.48,11.52,139478.46,163732.3783
20020118,11.41,11.42,10.0,10.19,200420.99,214456.3744
20020125,10.19,10.6,9.47,10.21,203904.95,204254.9086
20020201,10.22,10.78,9.45,10.38,226617.28,231224.399
20020208,10.38,10.98,10.25,10.66,202127.16,215223.3572
20020301,10.88,10.9,10.08,10.19,200032.64,206558.9548
20020308,10.19,11.68,10.11,11.41,497596.17,548753.1238
20020315,11.45,12.2,11.05,11.36,654154.14,761470.9617
20020322,11.51,12.07,11.4,11.48,483142.74,570376.0233
20020329,11.48,11.55,10.98,11.03,164378.61,185834.0485
20020405,11.03,11.25,10.57,11.15,132510.56,144754.8346
20020412,11.2,11.35,10.9,11.11,216867.74,239948.3193
20020419,11.05,11.13,10.43,10.48,123882.74,132458.8831
20020426,10.48,10.95,10.36,10.8,133893.96,142160.4553
20020503,10.85,11.79,10.7,11.5,233876.94,264931.5983
20020510,11.53,11.93,11.4,11.52,268621.31,313518.9241
20020517,11.5,11.58,10.91,11.3,227951.29,255565.5413
20020524,11.3,11.58,10.91,10.94,185276.57,208411.2711
20020531,10.9,11.46,10.8,11.16,159617.37,177571.2876
20020607,11.15,11.6,10.92,11.43,292820.72,331611.5155
20020614,11.42,11.83,11.12,11.17,181496.69,208477.4524
20020621,11.1,12.11,11.08,11.91,442975.78,517373.2187
20020628,13.1,15.5,12.81,15.0,3709368.24,5346451.9577
20020705,15.05,15.5,14.55,14.91,845620.08,1267053.5542
20020712,14.95,15.11,14.17,14.22,716842.03,1045664.3114
20020719,14.19,15.08,13.9,14.99,728713.26,1065199.8938
20020726,14.98,15.33,14.3,14.79,1231163.38,1842319.8924
20020802,14.77,15.48,14.72,15.18,797475.44,1207653.3286
20020809,15.19,15.24,14.77,14.85,444738.68,664529.2577
20020816,14.8,14.89,14.51,14.76,306981.01,452383.9367
20020823,14.75,15.8,14.66,15.53,1119387.03,1727624.4928
20020830,15.57,15.79,15.23,15.4,463033.37,714810.9714
20020906,15.44,15.86,15.0,15.05,561128.49,863088.5883
20020913,14.95,15.09,14.71,15.04,334668.92,498461.4132
20020920,15.04,15.05,13.86,14.2,501368.39,714137.0218
20020927,14.01,14.48,13.6,13.77,337658.31,475622.3977
20021011,13.5,13.67,12.85,12.9,167718.94,222080.1505
20021018,12.98,13.4,12.53,13.3,256585.95,333315.3806
20021025,13.3,13.59,12.97,13.04,342451.14,456624.6815
20021101,13.0,13.15,12.75,12.91,263678.76,341153.0496
20021108,13.05,13.93,12.97,13.28,733093.03,986349.6388
20021115,13.3,13.37,12.55,12.68,415034.83,535770.7844
20021122,12.68,12.77,11.6,11.8,416713.16,503811.5155
20021129,11.78,12.35,11.4,12.1,328918.34,391337.4716
20021206,12.09,12.09,11.5,11.64,202566.2,237539.819
20021213,11.59,11.74,10.82,11.11,281692.07,315637.5221
20021220,11.15,11.38,10.98,11.32,210573.36,235598.8211
20021227,11.32,11.48,10.38,10.52,346154.26,377194.5433
20030103,10.45,10.6,9.91,10.02,330876.9,339805.4654
20030110,10.03,10.9,9.91,10.53,463731.5,487535.847
20030117,10.48,11.69,10.37,11.39,1119840.18,1263586.0883
20030124,11.39,11.7,11.0,11.37,459942.21,523546.5043
20030131,11.42,11.8,11.37,11.63,323610.4,375716.8212
20030214,11.58,11.6,11.2,11.33,301408.1,341954.314
20030221,11.34,11.39,10.91,10.92,275214.02,307053.349
20030228,10.9,11.39,10.81,11.27,258119.44,287300.244
20030307,11.29,11.49,11.0,11.05,275307.83,310165.9996
20030314,11.01,11.06,10.68,10.88,176719.28,191517.3527
20030321,10.88,11.28,10.75,11.21,279604.1,308670.498
20030328,11.24,11.85,10.9,11.59,667706.77,765268.0126
20030404,11.59,12.19,11.55,12.12,855323.49,1020224.6629
20030411,12.15,12.68,11.88,12.34,999844.07,1224968.069
20030418,12.34,13.9,12.15,12.89,2661222.27,3536916.6691
20030425,13.1,13.13,11.8,11.89,1197454.74,1495753.8419
20030502,11.8,12.87,11.6,12.43,720888.24,897357.2455
20030516,12.2,13.18,11.8,12.6,1014844.1,1259802.7041
20030523,12.65,12.95,12.18,12.59,679821.49,857576.5985
20030530,12.59,13.0,12.3,12.55,667670.96,844874.5062
20030606,12.54,12.54,12.03,12.04,411794.03,506341.7577
20030613,12.0,12.18,11.81,12.14,230431.88,276463.6618
20030620,12.14,12.15,11.45,11.46,285226.68,334518.5809
20030627,11.43,11.66,11.03,11.11,181667.27,205971.666
20030704,11.1,11.39,11.01,11.2,161259.89,180840.5406
20030711,11.19,11.48,11.06,11.31,175831.76,198474.9034
20030718,11.28,11.37,10.88,10.91,298994.71,333103.6044
20030725,10.72,10.88,10.47,10.5,292818.38,311247.7041
20030801,10.5,10.88,10.32,10.8,175163.43,185342.0127
20030808,10.8,11.16,10.67,10.71,218613.43,237373.7505
20030815,10.67,10.98,10.55,10.79,136812.08,146608.4916
20030822,10.79,10.99,10.66,10.75,197741.8,214460.238
20030829,10.7,10.7,10.1,10.33,178477.5,185271.0278
20030905,10.3,10.51,10.15,10.21,154274.84,159605.3541
20030912,10.2,10.28,9.95,9.97,254807.62,257079.5103
20030919,9.96,9.99,9.33,9.48,267833.5,256154.3624
20030926,9.48,9.56,9.3,9.34,164706.5,155074.2452
20031003,9.35,9.35,8.99,9.17,67556.38,61651.7953
20031010,9.25,9.47,9.15,9.4,70286.83,65130.1961
20031017,9.42,9.47,8.9,9.0,159000.14,145670.6584
20031024,9.0,9.13,8.76,8.88,182906.15,163743.1019
20031031,8.87,8.87,7.97,8.14,299577.49,253291.505
20031107,8.11,8.58,7.7,7.89,385914.81,314088.7744
20031114,7.88,8.04,7.72,7.83,165875.43,130403.67
20031121,7.83,8.48,7.62,8.08,313163.76,251847.1747
20031128,8.08,8.99,8.08,8.38,484593.67,415483.5662
20031205,8.4,8.78,8.35,8.6,298508.74,256474.2718
20031212,8.61,9.15,8.34,9.04,489111.37,430496.4996
20031219,9.02,9.06,8.35,8.43,348434.97,303449.9463
20031226,8.38,9.1,8.25,8.76,435371.6,382890.484
20040102,8.73,8.74,8.41,8.64,190208.84,163756.5575
20040109,8.64,9.55,8.6,9.03,979332.63,907749.2225
20040116,9.0,9.39,8.96,9.28,423534.65,387647.9037
20040130,9.28,9.59,9.2,9.28,195610.31,183893.0578
20040206,9.4,10.98,9.35,10.51,1217582.58,1228494.1934
20040213,10.54,10.95,10.21,10.25,923407.47,976799.5313
20040220,10.25,11.25,10.25,11.12,1082727.72,1169914.4658
20040227,11.15,11.39,10.15,10.36,940381.08,1005075.1058
20040305,10.32,11.19,10.05,10.67,941843.26,1008738.0371
20040312,10.67,10.89,10.36,10.66,503617.01,535261.1362
20040319,10.6,11.4,10.6,11.17,1150998.39,1275653.8257
20040326,11.2,11.37,10.75,10.85,668785.73,735668.7458
20040402,10.8,10.86,10.48,10.73,501613.49,532932.6072
20040409,10.75,10.78,10.18,10.24,526921.48,551786.3369
20040416,10.2,10.35,9.51,9.75,620302.82,612771.2139
20040423,9.75,9.8,9.21,9.38,283570.38,268549.2743
20040430,9.38,9.49,8.9,9.33,249891.55,231116.2778
20040514,9.34,9.4,9.0,9.12,147002.33,135297.1972
20040521,9.12,9.34,9.01,9.18,116716.22,106896.7254
20040528,9.18,9.3,8.81,9.25,187759.67,170724.7696
20040604,9.58,10.04,9.48,9.63,522105.47,508476.2493
20040611,9.63,9.65,9.0,9.08,188930.56,174519.1681
20040618,9.0,9.47,8.8,9.1,178934.05,162704.1503
20040625,9.02,9.18,8.86,8.87,119844.51,107887.5554
20040702,8.81,8.9,8.38,8.69,159630.24,137931.886
20040709,8.7,8.76,8.43,8.45,98430.92,84662.28
20040716,8.45,8.62,8.18,8.59,146802.71,123302.7182
20040723,8.58,8.66,8.0,8.14,163054.55,135120.4051
20040730,8.15,8.23,8.0,8.11,94896.57,77003.7011
20040806,8.08,8.29,8.0,8.1,94744.61,76742.5054
20040813,8.1,8.2,7.9,8.03,102747.88,82670.0515
20040820,8.04,8.23,7.97,8.16,110799.3,89815.3779
20040827,8.18,8.2,7.92,7.96,83547.74,67292.7403
20040903,7.96,8.2,7.91,7.98,89428.36,71967.1512
20040910,7.99,8.15,7.86,8.07,77308.22,61829.0998
20040917,8.02,8.55,7.86,8.52,314377.36,261260.1781
20040924,8.52,9.24,8.47,8.59,716239.61,629152.9574
20041001,8.6,8.77,8.08,8.16,253277.9,209561.1108
20041008,8.2,8.24,7.94,8.2,45990.61,37094.4651
20041015,8.3,8.49,7.82,7.89,269203.87,218110.5439
20041022,7.9,7.96,6.6,6.84,437504.83,316171.4646
20041029,7.0,7.55,6.78,7.17,375193.98,266506.1679
20041105,7.15,7.32,6.93,6.96,195012.79,138227.997
20041112,6.98,7.2,6.79,7.01,219419.6,153926.2048
20041119,7.02,7.5,7.02,7.41,290577.11,210952.5754
20041126,7.4,7.45,7.14,7.18,152283.26,110731.3457
20041203,7.18,7.19,6.9,7.02,131900.94,92354.1001
20041210,7.02,7.24,6.9,6.94,130723.63,91774.308
20041217,6.93,7.17,6.85,6.91,103499.79,72035.7883
20041224,6.9,7.03,6.8,6.82,127639.71,87818.842
20041231,6.82,6.82,6.55,6.59,120401.62,80265.4394
20050107,6.59,6.6,6.35,6.51,95355.4,61820.8548
20050114,6.51,6.61,6.37,6.5,74762.68,48765.3817
20050121,6.47,6.5,5.85,6.41,214353.89,132789.3544
20050128,6.6,6.65,6.05,6.17,173524.02,109912.4006
20050204,6.15,6.74,6.03,6.6,227400.1,145050.2883
20050218,6.6,6.68,6.51,6.6,112243.2,74023.3141
20050225,6.63,6.77,6.57,6.64,300684.42,200847.1233
20050304,6.64,6.65,6.33,6.36,155584.16,100138.6197
20050311,6.33,6.38,6.08,6.12,198325.64,123737.6191
20050318,6.12,6.17,5.9,5.93,173131.7,103881.142
20050325,5.93,6.0,5.32,5.4,209028.32,115479.7152
20050401,5.38,5.73,5.05,5.6,193166.98,102355.254
20050408,5.52,6.79,5.36,6.79,899224.57,555886.6539
20050415,6.8,7.39,6.38,6.63,1646222.29,1128500.2393
20050422,6.58,6.79,5.97,5.98,675295.16,432707.6466
20050429,5.8,6.47,5.4,6.2,787981.49,466143.6362
20050513,6.23,6.4,5.9,6.02,503099.47,310253.7113
20050520,6.02,6.34,5.76,6.21,339257.25,207645.2665
20050527,6.13,6.28,5.91,6.15,305851.07,187578.5247
20050603,6.1,6.16,5.7,5.83,301843.46,179187.4395
20050610,5.82,6.93,5.71,6.58,809185.51,519217.1472
20050617,6.58,6.7,6.19,6.37,380854.14,245189.3181
20050624,6.36,6.53,6.07,6.29,502772.51,319865.8991
20050701,6.39,6.5,5.74,5.79,403553.16,248787.2341
20050708,5.75,5.85,5.45,5.46,220177.27,124507.4705
20050715,5.5,5.88,5.42,5.66,233049.42,132804.7851
20050722,5.66,6.05,5.52,5.95,303760.71,176381.6133
20050729,5.94,6.15,5.86,5.93,369385.38,221985.8611
20050805,5.92,6.34,5.82,6.22,489090.71,298747.8251
20050812,6.25,6.49,6.15,6.2,691002.85,436376.5295
20050819,6.2,6.33,5.9,5.97,525920.94,322789.864
20050826,5.99,6.2,5.87,6.15,304722.68,184223.5223
20050902,6.18,6.44,6.05,6.26,551742.07,343771.4804
20050909,6.27,6.42,6.09,6.25,531771.0,333304.8678
20050916,6.26,6.4,6.18,6.3,421667.71,265802.9707
20050923,6.3,6.32,5.83,5.85,399779.9,243029.9946
20050930,5.85,5.99,5.75,5.76,91314.46,53313.302
20051021,6.28,6.34,6.04,6.34,177062.85,111927.9344
20051028,6.57,6.58,5.51,5.58,890235.96,546340.2342
20051104,5.58,5.79,5.58,5.7,254182.34,144670.478
20051111,5.72,5.78,5.51,5.54,160772.31,90884.7097
20051118,5.54,5.81,5.54,5.78,177590.52,100913.1124
20051125,5.78,5.9,5.56,5.88,260282.16,150155.187
20051202,5.88,5.88,5.74,5.83,184338.88,107115.4781
20051209,5.8,5.92,5.6,5.88,245062.01,142181.128
20051216,5.9,6.16,5.83,6.01,433634.25,259902.5723
20051223,6.01,6.21,5.95,6.13,368726.4,224383.7946
20051230,6.18,6.27,6.13,6.14,399356.29,247334.0442
20060106,6.13,6.5,6.12,6.41,546970.53,347453.748
20060113,6.4,6.44,6.15,6.21,569153.28,357015.3363
20060120,6.18,6.33,6.05,6.23,361250.86,223325.2237
20060127,6.23,6.36,6.14,6.35,270111.32,168478.4729
20060210,6.35,6.47,6.15,6.21,436782.12,274077.5047
20060217,6.21,6.44,6.13,6.24,440818.48,276226.1147
20060224,6.24,7.06,6.18,7.03,1656911.61,1124506.5977
20060303,7.05,7.1,6.43,6.54,916884.12,616644.8488
20060310,6.52,6.64,6.16,6.18,495716.05,314905.0282
20060317,6.2,6.37,6.17,6.2,357080.0,222917.2693
20060324,6.2,6.44,6.15,6.31,467198.86,296302.8437
20060331,6.31,6.58,6.19,6.37,603958.46,386317.5313
20060407,6.32,6.69,6.28,6.47,817498.32,533136.1318
20060414,6.48,7.03,6.48,6.85,965953.85,653633.8625
20060421,6.85,6.99,6.66,6.84,778696.41,530967.9747
20060428,6.8,8.09,6.3,7.88,2180231.55,1579404.5603
20060512,7.88,8.75,7.66,8.54,2158273.39,1778076.6789
20060519,8.51,8.7,7.89,8.31,1454217.28,1205125.6874
20060526,8.26,8.99,7.84,8.78,1673341.75,1392790.5163
20060616,7.9,7.9,6.85,7.11,1487152.1,1060181.7821
20060623,7.05,7.48,6.8,7.29,1190630.04,858311.4867
20060630,7.29,7.68,7.27,7.56,849528.29,630396.7939
20060707,7.56,8.23,7.56,7.71,1295301.66,1029730.8394
20060721,7.35,7.5,7.05,7.2,247826.48,179254.9099
20060728,7.17,7.32,6.87,6.96,447657.53,318218.6582
20060804,6.9,6.92,6.6,6.67,335282.61,226591.4392
20060811,6.65,6.88,6.55,6.82,235911.71,159271.8302
20060818,6.83,7.1,6.75,6.93,301697.34,209630.5859
20060825,6.83,7.18,6.66,6.99,318024.45,223619.431
20060901,7.0,7.39,6.96,7.06,449349.37,323996.0484
20060908,7.06,7.33,7.04,7.23,427219.93,306787.1022
20060915,7.14,7.69,7.14,7.63,896784.24,671272.1863
20060922,7.7,7.83,7.4,7.49,633841.8,485988.0848
20060929,7.42,8.26,7.41,8.16,838471.69,662502.9812
20061013,8.32,9.45,8.3,9.03,894517.62,791317.4513
20061020,9.04,9.2,8.71,9.07,937839.35,843696.5253
20061027,9.08,10.25,8.91,9.77,1737047.42,1663580.2703
20061103,9.59,9.83,9.1,9.58,1170155.84,1105327.3377
20061110,9.42,10.77,9.38,10.32,1507514.11,1537044.7067
20061117,10.26,10.69,9.88,10.28,1259759.58,1295676.6023
20061124,10.31,13.18,10.29,12.68,2727653.54,3263288.317
20061201,12.56,12.88,11.81,12.42,1400917.31,1737278.7385
20061208,12.4,14.13,12.21,13.14,2117621.12,2798907.0525
20061215,13.12,14.24,12.96,13.35,1773952.41,2398097.356
20061222,13.35,14.14,12.91,13.01,1385894.8,1859564.0036
20061229,12.94,14.68,12.9,14.47,1994582.22,2771064.8178
20070105,14.65,15.32,13.0,13.06,1229399.72,1731733.8719
20070112,13.05,15.52,13.02,15.52,2563651.81,3690308.3816
20070119,15.5,17.59,15.04,16.95,2505732.1,4150010.9212
20070126,17.11,18.5,17.11,18.27,2595188.01,4638368.4921
20070202,18.9,20.98,17.54,17.54,2357425.51,4504263.954
20070209,17.3,19.32,16.66,18.39,1697359.23,3074805.4198
20070216,18.36,21.4,18.36,20.8,1375009.86,2783793.244
20070302,20.4,20.79,17.55,18.19,1316299.48,2480881.7713
20070309,18.05,19.45,17.28,18.96,1284288.56,2359160.779
20070316,18.95,19.0,17.8,18.05,806449.14,1473814.2479
20070323,17.77,20.88,17.6,19.38,1792430.27,3517716.849
20070330,19.0,20.02,18.04,18.88,1738768.11,3322900.3396
20070406,18.98,20.2,18.95,19.57,1525619.84,2995727.5945
20070413,19.57,23.47,19.4,23.47,1990702.29,4271414.4771
20070420,23.98,24.47,21.38,22.6,1510253.17,3453116.9331
20070427,22.67,25.95,22.3,25.95,1651676.42,4031169.4221
20070511,26.2,28.26,25.89,27.85,1289847.13,3507310.5439
20070525,29.24,29.24,29.19,29.24,479683.71,1402575.2918
20070601,30.48,30.48,26.3,28.69,2457652.86,6972999.5925
20070622,33.0,35.8,30.66,35.4,2774152.71,9229397.2497
20070629,36.01,36.58,27.22,27.52,2428724.3,7798933.3637
20070706,26.81,28.15,25.14,27.01,1632556.87,4360833.8228
20070713,27.3,29.35,27.0,28.35,949659.81,2698100.3547
20070720,28.2,31.29,26.53,30.48,1372624.95,4046000.7944
20070727,33.4,35.5,31.76,33.85,1830687.89,6201912.2461
20070803,33.7,39.55,33.6,39.11,1789374.93,6525987.7378
20070810,38.99,40.5,38.0,39.0,1169737.22,4594168.0773
20070817,38.5,40.0,34.38,34.88,1661910.36,6179326.6358
20070824,36.0,40.02,36.0,39.6,1671752.4,6438213.3648
20070831,39.58,40.86,36.58,38.0,1276302.61,4844300.4528
20070907,38.1,38.58,36.04,37.1,991734.61,3706498.4938
20070914,36.55,37.89,34.57,36.38,810813.6,2953699.9567
20070921,37.35,37.35,34.98,36.16,819264.18,2953475.6194
20070928,36.15,40.3,35.68,39.98,1272106.37,4926038.6548
20071012,41.5,42.62,38.1,39.41,975809.69,3994845.9433
20071019,40.0,43.26,38.7,39.81,980186.71,4002327.9876
20071026,39.6,45.13,38.5,44.58,1114842.67,4689412.5169
20071102,44.93,48.98,44.2,45.49,1244599.63,5775790.7714
20071109,45.0,46.19,41.8,42.3,604180.06,2641412.7185
20071116,41.53,42.9,38.35,38.6,881782.82,3564116.5418
20071123,38.9,39.35,35.8,36.99,762371.47,2865978.6217
20071130,37.58,37.77,33.6,36.08,917673.76,3292210.0625
20071207,37.59,40.07,37.0,39.8,985040.34,3838801.9601
20071214,38.78,40.09,36.01,37.3,1300356.64,4918845.8712
20071221,36.99,37.3,34.96,36.75,748841.46,2724439.554
20071228,37.01,39.26,36.85,38.6,1218243.03,4653696.7234
20080104,38.5,38.74,36.51,38.37,674877.42,2549049.8285
20080111,38.18,44.5,38.0,44.08,1610689.17,6624377.5152
20080118,44.15,44.2,38.92,40.9,1043188.42,4328657.376
20080125,40.5,40.8,34.91,38.09,1053981.23,3945707.6749
20080201,37.51,37.6,32.81,34.55,726885.51,2536700.698
20080208,35.89,38.3,35.88,37.3,349597.11,1311601.9851
20080215,36.5,37.35,35.32,36.06,158779.63,577822.6674
20080222,36.65,37.38,31.7,32.24,1083625.32,3748253.0652
20080229,32.03,33.43,30.58,33.15,779487.44,2496816.0631
20080307,32.9,33.56,28.3,29.7,1997516.13,6136093.7934
20080314,29.38,29.4,24.68,24.91,1356565.61,3600126.0607
20080321,24.75,29.39,24.48,28.33,1551827.12,4168198.8859
20080328,28.47,29.53,25.71,29.04,1325561.07,3692665.5422
20080404,27.95,29.96,27.0,29.26,1188283.08,3404018.9139
20080411,28.97,30.35,27.05,28.5,1023610.29,2952365.8114
20080418,27.8,28.0,22.01,22.86,950638.32,2344378.2183
20080425,24.8,28.94,21.5,27.95,1653300.42,4251503.7977
20080502,27.41,29.98,27.1,29.62,660278.43,1882722.5174
20080509,29.8,30.15,25.78,26.09,1232771.06,3424976.3721
20080516,25.6,28.48,25.1,27.75,951549.34,2564771.9161
20080523,27.5,28.38,25.08,25.5,687834.47,1825499.4402
20080530,25.0,26.4,24.19,25.23,476135.84,1204036.4179
20080606,25.23,26.1,24.6,24.75,478740.99,1209786.7532
20080613,23.3,23.3,20.65,21.18,508132.18,1108375.704
20080620,21.25,22.28,19.9,21.0,748855.8,1603627.985
20080627,21.18,22.3,19.44,19.44,1356148.45,2848225.3986
20080704,19.03,19.7,17.77,19.03,826323.5,1563792.584
20080711,19.15,21.96,19.11,20.9,783310.84,1629721.5985
20080718,20.4,21.35,18.22,19.39,658553.85,1285843.3847
20080725,19.11,21.42,19.01,21.08,709868.74,1448417.2462
20080801,21.34,22.3,20.6,21.88,730078.41,1574060.0022
20080808,21.58,22.11,19.95,20.0,545446.0,1156977.1995
20080815,20.0,20.68,18.68,19.6,351947.85,684740.8243
20080822,19.61,21.08,18.7,19.9,444843.68,891520.4809
20080829,20.03,20.59,19.59,20.2,454155.59,915460.9336
20080905,20.1,20.1,17.66,18.24,465856.33,864096.5394
20080912,18.6,18.6,15.88,15.99,345314.57,589398.0631
20080919,15.7,15.7,12.4,14.63,978484.18,1335658.4839
20080926,16.08,16.09,14.37,14.99,1504099.76,2320711.729
20081010,14.78,14.78,11.98,12.05,1105519.15,1477080.7461
20081017,12.2,14.08,12.1,12.9,1462115.33,1915142.7368
20081024,12.78,13.86,11.85,12.03,1084946.89,1377953.4203
20081031,11.69,11.75,8.3,8.37,1593744.77,1729990.796
20081107,8.25,9.15,8.0,8.79,1422442.14,1224363.9613
20081114,9.09,10.75,9.0,10.62,2783001.66,2747339.2159
20081121,10.6,11.35,9.85,10.23,3081929.13,3258018.379
20081128,10.24,10.25,8.8,8.99,2464904.66,2371445.5703
20081205,8.87,10.45,8.79,10.31,3369869.7,3295280.4973
20081212,10.6,11.33,10.09,10.23,3748520.92,4040000.5715
20081219,10.51,10.83,9.75,10.53,2654849.21,2723851.8611
20081226,10.5,10.61,9.65,9.72,1765010.23,1786689.4537
20090102,9.6,9.63,9.2,9.46,837385.88,790943.5305
20090109,9.57,10.43,9.5,9.85,2585147.61,2562772.0107
20090116,9.78,10.94,8.88,10.62,4470897.86,4393912.7051
20090123,10.65,12.2,10.65,11.64,3048887.72,3499686.0139
20090206,11.76,13.44,11.51,13.19,1937467.79,2424007.9362
20090213,13.45,14.27,12.89,13.61,2903098.49,3915285.911
20090220,13.68,15.07,13.0,13.63,3439802.32,4822164.1935
20090227,13.48,15.98,13.41,13.8,2999129.46,4342678.8401
20090306,13.2,15.75,12.98,14.99,2934942.51,4250909.8775
20090313,15.29,15.68,14.32,14.82,1880453.83,2819470.5444
20090320,14.7,16.08,14.48,15.33,2821419.09,4376350.5471
20090327,15.11,16.65,15.11,16.37,3146919.64,5009027.8366
20090403,16.4,17.24,15.54,16.75,2306013.47,3783667.6478
20090410,16.75,17.2,16.01,16.61,1412610.34,2328255.3324
20090417,16.68,16.85,15.85,15.88,1844243.16,3006079.6834
20090424,15.85,16.18,15.0,15.33,1586059.9,2488192.6698
20090501,15.15,16.93,15.01,16.32,1511928.17,2413845.2981
20090508,16.43,18.28,16.26,18.18,2359159.16,4103096.3106
20090515,18.2,19.2,17.25,17.5,1575596.07,2839381.7933
20090522,17.82,18.18,16.68,17.1,920817.59,1605381.3972
20090529,16.85,17.85,16.6,17.84,818375.0,1419278.0918
20090605,18.09,20.88,17.96,20.0,2347077.64,4579234.6936
20090619,22.0,22.84,21.0,22.07,5299216.77,11636088.7195
20090626,22.1,22.64,21.09,21.6,2669630.51,5809458.9626
20090703,22.0,23.71,21.56,23.6,2076434.87,4733734.2225
20090710,23.61,24.53,22.06,22.78,1859189.49,4269940.9471
20090717,22.65,23.86,22.13,23.47,1679690.38,3876523.5184
20090724,23.47,23.99,22.5,22.7,2256544.74,5211512.9907
20090731,22.82,26.18,22.77,26.18,4221919.04,10415002.1074
20090807,25.85,25.87,23.45,23.53,2958278.56,7357559.5343
20090814,23.88,24.09,22.09,22.7,1762811.49,4045391.3919
20090821,22.29,23.1,20.45,22.07,1826894.05,3963667.2941
20090828,22.21,22.4,19.08,19.16,1870656.76,3829094.3203
20090904,18.94,21.16,18.04,20.73,1822750.07,3577301.6377
20090911,20.85,21.98,20.48,21.8,1499897.09,3146928.697
20090918,21.8,22.2,20.1,20.5,1547917.97,3305124.8453
20090925,20.24,20.75,19.33,20.15,1709833.64,3411945.9525
20091002,20.15,20.32,19.3,20.01,516343.51,1024361.8204
20091009,20.5,21.2,20.22,21.05,257463.33,535696.8019
20091016,21.2,21.87,20.75,21.31,1099319.53,2342054.5003
20091023,21.34,23.06,21.0,22.81,1410326.65,3151145.2694
20091030,22.98,23.11,21.43,22.48,1185141.99,2649234.0356
20091106,21.9,26.15,21.8,25.1,2393306.57,5942386.3357
20091113,24.91,26.01,24.28,25.4,1461664.66,3696261.8998
20091120,25.56,26.73,25.43,25.61,1325286.97,3443715.3588
20091127,25.62,26.17,23.09,23.33,1746292.25,4316782.5086
20091204,23.62,25.35,23.3,25.3,2286985.88,5554164.9905
20091211,25.07,25.79,24.4,24.99,1302748.41,3259719.087
20091218,24.76,25.8,23.92,23.93,1188176.46,2957166.6867
20091225,23.85,24.14,22.28,23.28,827398.83,1901367.0061
20100101,23.4,24.69,23.0,24.37,821531.29,1972365.9894
20100108,24.52,24.58,22.35,22.6,1854445.62,4273013.8286
20100115,23.5,23.68,20.6,21.43,3030384.6,6546252.0756
20100122,21.43,23.45,21.21,23.08,3005517.59,6676355.3723
20100129,22.6,23.1,21.11,21.7,1605239.66,3552094.6399
20100205,21.71,22.58,21.0,22.0,1698439.28,3714217.4165
20100212,21.88,22.6,21.45,22.45,1035920.89,2285768.3855
20100226,22.31,22.62,21.22,22.45,1433141.6,3158646.1051
20100305,22.89,23.96,22.8,23.27,1636921.6,3813248.1541
20100312,23.32,24.27,22.88,22.92,1570764.6,3716385.8496
20100319,22.88,23.5,22.2,23.04,973565.33,2219053.4428
20100326,22.93,23.42,22.17,22.81,955124.25,2184428.4912
20100402,22.96,23.86,22.79,23.43,1503815.13,3520573.2433
20100409,23.56,23.86,22.32,22.66,1223728.41,2795690.0783
20100416,22.72,22.76,21.94,22.01,1919295.49,4259306.525
20100423,21.55,21.58,19.31,20.16,2643852.83,5300488.5286
20100430,20.0,20.63,19.55,20.56,1698744.68,3420297.9773
20100507,20.1,20.3,17.95,18.26,2035546.13,3906510.5019
20100514,18.35,18.92,17.16,18.35,2302329.49,4196605.3782
20100521,18.0,18.17,17.02,17.82,1383949.93,2446381.9244
20100528,17.92,18.6,17.46,18.08,1267614.02,2291252.3978
20100604,17.9,18.2,16.92,17.3,1162101.56,2024431.333
20100611,17.1,17.79,16.5,17.15,1402191.31,2406541.6103
20100618,17.19,17.75,17.15,17.32,448492.56,785248.7735
20100625,17.31,18.82,17.31,18.11,1792642.37,3279251.7014
20100702,18.05,18.6,17.5,17.51,550831.34,997926.6627
20100903,19.0,19.0,17.67,17.76,2258671.32,4095582.3566
20100910,17.86,18.39,17.0,17.2,2213703.44,3932815.708
20100917,17.21,17.4,16.55,16.65,1567827.97,2664907.9424
20100924,16.67,16.94,16.51,16.61,331679.14,553760.9097
20101001,16.64,16.75,16.11,16.22,648333.97,1064531.3025
20101008,16.7,17.34,16.5,17.22,536715.85,914838.8391
20101015,17.32,19.38,17.32,19.15,4350273.88,8045224.792
20101022,19.4,20.06,18.33,18.52,3487750.1,6711426.7999
20101029,18.55,19.25,18.26,18.41,2028846.32,3793802.5787
20101105,18.49,19.31,18.35,18.93,3259304.29,6129805.2322
20101112,18.97,19.39,17.13,17.19,3059268.65,5642830.8034
20101119,17.25,17.32,16.51,17.01,2092214.19,3550965.1536
20101126,16.8,17.12,16.25,16.69,1621220.59,2705204.2398
20101203,16.59,16.88,16.18,16.57,997239.94,1647601.1902
20101210,16.6,16.88,16.1,16.34,1028990.14,1695934.6125
20101217,16.35,16.8,16.26,16.35,1193173.9,1970285.0211
20101224,16.39,16.65,15.99,16.44,1076222.2,1759724.3229
20101231,16.62,16.73,15.51,15.79,1230215.06,1961348.4098
20110107,15.82,16.78,15.65,16.41,1573316.72,2543660.9136
20110114,16.23,16.55,15.88,15.99,1248931.92,2023197.907
20110121,15.81,15.93,14.86,15.15,1107220.38,1698417.9982
20110128,15.15,15.4,14.95,15.2,834019.39,1265773.4061
20110204,15.2,15.49,15.09,15.44,291942.31,447426.145
20110211,15.35,15.59,15.2,15.5,529158.66,814267.8984
20110218,15.49,16.17,15.48,15.98,1404573.36,2233308.757
20110225,15.8,16.17,15.4,15.89,1729508.02,2717039.6101
20110304,15.81,16.77,15.63,16.68,2764405.63,4498077.3666
20110311,16.78,16.97,16.03,16.05,1681745.48,2790408.1085
20110318,16.0,16.19,15.68,15.83,1096962.5,1743238.073
20110325,15.8,16.34,15.65,16.26,1159887.7,1858923.7169
20110401,16.37,16.75,16.01,16.57,1662205.34,2732560.8896
20110408,16.6,17.37,16.6,17.17,1662172.34,2834788.1071
20110415,17.18,18.77,16.89,18.73,3393896.01,6070718.8726
20110422,18.67,18.88,17.73,17.86,2219913.49,4076435.6853
20110429,17.88,19.0,17.7,18.2,2430236.38,4470631.5927
20110506,18.15,18.36,17.46,17.54,1102035.17,1974606.8948
20110513,17.5,17.72,17.0,17.67,367984.22,638079.6802
20110520,17.46,18.59,17.14,18.34,1287467.23,2310740.7303
20110527,18.27,18.34,17.6,17.6,1153778.9,2066306.9738
20110603,17.47,17.74,16.49,16.71,1119682.02,1915781.457
20110610,16.55,16.92,16.4,16.53,572642.0,952182.0222
20110617,16.39,16.82,15.85,15.89,975663.93,1589283.9836
20110624,15.9,17.19,15.75,16.99,957258.03,1576050.2774
20110701,16.98,17.53,16.58,16.93,1271073.46,2161503.6706
20110708,16.99,17.8,16.97,17.52,1382743.9,2404494.2179
20110715,17.39,18.2,16.94,17.99,1351388.28,2367080.0882
20110722,18.0,18.13,17.15,17.21,874809.3,1534901.515
20110729,17.1,17.75,16.7,17.34,1021705.73,1747939.4288
20110805,17.2,17.52,16.29,16.3,907040.1,1530019.4614
20110812,16.22,16.7,15.55,16.64,1074625.47,1738141.4914
20110819,16.65,17.33,16.29,16.6,914257.11,1540425.8945
20110826,16.54,17.39,16.27,17.38,1081849.32,1831200.2894
20110902,17.0,17.12,16.55,16.93,916964.5,1540359.493
20110909,16.6,16.87,16.3,16.48,589259.48,973315.9261
20110916,16.2,17.1,16.16,17.0,790609.8,1319540.0659
20110923,16.81,17.2,16.33,16.62,675070.32,1131223.6454
20110930,16.43,16.76,15.84,16.04,687657.47,1110005.1066
20111014,15.95,16.43,15.45,16.36,930794.95,1487649.3453
20111021,16.48,16.71,15.7,16.03,570787.74,922338.7923
20111028,16.1,17.2,15.93,17.03,1115784.28,1866668.8166
20111104,17.03,17.19,16.62,16.98,907496.43,1534854.1103
20111111,16.85,16.97,16.51,16.57,663538.93,1111416.2676
20111118,16.68,16.85,15.86,15.95,849098.71,1385187.9588
20111125,15.97,16.14,15.59,15.79,664425.94,1054354.9862
20111202,15.82,16.27,15.48,15.95,1039976.86,1653797.0034
20111209,15.94,16.15,15.7,15.85,536030.27,855807.881
20111216,15.86,15.96,14.93,15.28,711381.03,1103166.609
20111223,15.17,15.62,15.02,15.42,578661.32,890643.6884
20111230,15.4,15.61,15.1,15.59,715833.45,1101948.8379
20120106,15.59,15.59,15.13,15.35,525142.18,807587.9834
20120113,15.36,15.81,15.25,15.78,221138.66,345938.6872
20120120,16.73,16.94,16.32,16.78,586675.66,972826.8381
20120203,16.81,17.04,16.43,16.99,1166000.83,1952964.8835
20120210,17.0,17.02,16.54,16.91,634285.55,1067671.1268
20120217,16.79,16.81,16.36,16.45,949301.79,1574064.0398
20120224,16.74,16.87,16.34,16.87,1282240.67,2130630.5302
20120302,16.9,17.5,16.76,17.48,1753378.06,3013697.914
20120309,17.53,17.78,16.66,16.87,1702481.88,2902125.28
20120316,16.88,17.04,16.16,16.4,1374056.72,2286914.9877
20120323,16.34,16.4,15.96,16.01,819313.83,1323146.5931
20120330,16.02,16.16,15.46,15.71,693331.69,1098524.0813
20120406,15.71,16.01,15.45,15.99,377668.08,594117.2738
20120413,15.9,16.61,15.58,16.3,1008863.46,1620350.578
20120420,16.19,16.6,15.98,16.58,807691.99,1316331.1766
20120427,16.54,17.12,16.35,16.56,1334376.48,2226653.0747
20120504,16.72,16.94,16.57,16.71,562954.76,941872.4141
20120511,16.61,16.74,16.01,16.02,936485.8,1531004.5471
20120518,16.14,16.16,15.66,15.72,782973.07,1244727.0102
20120525,15.72,15.99,15.6,15.62,492296.79,776689.0889
20120601,15.62,15.96,15.52,15.78,952741.23,1500608.1227
20120608,15.61,15.64,14.77,14.81,1135641.73,1728155.3734
20120615,14.85,15.35,14.45,15.16,1377210.9,2039592.7076
20120622,15.14,15.5,14.86,14.9,637198.04,967068.8802
20120629,14.88,15.23,14.7,15.16,666460.04,996660.4795
20120706,15.23,15.48,14.75,15.14,745393.85,1129498.0831
20120713,15.06,15.14,14.65,14.98,665537.45,988503.8592
20120720,15.0,15.1,14.82,14.85,518813.95,775471.2071
20120727,14.76,14.97,14.61,14.75,532405.76,786282.8107
20120803,14.76,15.22,14.76,15.15,576892.74,869217.7163
20120810,15.13,15.22,14.91,15.08,621928.59,936354.4933
20120817,15.1,15.3,14.86,15.06,655315.98,987348.5857
20120824,14.99,15.0,14.36,14.37,730665.6,1071299.0119
20120831,14.36,14.46,14.03,14.19,571844.3,813812.5867
20120907,14.22,14.4,13.54,14.21,866374.03,1209794.144
20120914,14.2,14.23,13.86,14.05,682383.0,956009.8496
20120921,14.02,14.02,12.83,12.88,760421.14,1012343.1428
20120928,12.82,13.26,12.59,13.13,715016.16,921426.1476
20121012,13.14,13.43,12.9,13.29,568167.5,751227.489
20121019,13.3,13.56,13.05,13.43,597239.01,795769.2709
20121026,13.38,13.51,12.9,12.93,635608.01,843824.1298
20121102,12.9,13.57,12.87,13.53,649029.46,857604.3786
20121109,13.54,13.71,13.33,13.42,512001.86,691611.8829
20121116,13.39,13.63,12.92,13.1,544626.43,726088.6551
20121123,13.02,13.33,12.92,13.26,414961.5,544102.3474
20121130,13.24,13.25,12.7,12.8,519881.88,673630.4847
20121207,12.81,14.03,12.48,14.02,1477598.91,1976572.7036
20121214,14.15,15.2,13.87,15.18,1933680.93,2787151.0199
20121221,15.2,15.47,14.78,14.87,1709732.69,2590302.4168
20121228,14.84,15.78,14.8,15.6,1501653.57,2305009.9815
20130104,15.71,16.45,15.65,15.99,822535.56,1322754.8744
20130111,15.98,16.37,15.45,15.54,1412276.34,2259039.262
20130118,15.49,18.42,15.49,18.33,3947801.0,6895321.2423
20130125,18.3,20.9,17.99,19.15,3958153.39,7786491.6374
20130201,19.16,22.55,19.16,22.43,4070479.86,8554382.8465
20130208,22.26,22.79,20.31,20.75,2713289.14,5850068.4333
20130222,20.91,21.49,18.95,19.12,2776319.32,5581648.5403
20130301,19.26,23.24,19.22,23.06,4509507.55,9757055.1031
20130308,22.45,24.71,21.53,22.86,5224587.07,12136952.9388
20130315,22.72,22.98,20.8,22.2,3772391.62,8308927.0771
20130322,21.7,23.27,21.04,23.03,3711579.21,8279159.8949
20130329,23.13,23.28,19.64,20.12,3143555.32,6670942.6601
20130405,20.2,20.9,20.1,20.45,1073186.22,2200584.1025
20130412,19.79,20.26,18.8,18.9,2413084.76,4704164.5703
20130419,18.94,20.6,18.05,20.24,4248777.42,8047971.4591
20130426,20.0,20.39,18.55,18.7,3012549.11,5839954.8465
20130503,18.6,20.21,18.4,19.73,957698.89,1864689.696
20130510,19.84,20.87,19.68,20.19,2763364.06,5587635.9849
20130517,20.11,20.53,19.05,20.39,2473046.28,4903277.9392
20130524,20.48,21.5,20.31,20.69,2577881.95,5394932.7293
20130531,20.59,21.7,20.24,20.99,2462064.66,5204822.4928
20130607,20.93,21.33,19.41,19.53,1928965.84,3965885.205
20130614,19.31,19.33,18.55,19.06,709895.95,1343062.0789
20130621,19.16,20.04,10.85,11.28,2585856.36,3798092.1498
20130628,11.11,11.11,9.14,9.97,5663496.42,5576072.8228
20130705,9.81,9.95,9.01,9.37,3831715.04,3631744.6679
20130712,9.18,10.84,8.97,10.34,5706554.54,5666559.3
20130719,10.5,10.76,9.41,9.43,4665630.68,4731368.0985
20130726,9.23,10.24,9.12,9.64,3960467.36,3851098.5522
20130802,9.47,10.1,9.36,9.82,2967307.77,2888133.0122
20130809,9.82,10.12,9.75,9.85,2914868.3,2891276.4086
20130816,9.88,11.22,9.85,10.58,6834795.44,7191774.3521
20130823,10.22,11.25,10.22,10.62,5579043.69,6026837.3836
20130830,10.63,11.02,10.5,10.61,3083905.74,3315983.7679
20130906,10.74,11.4,10.63,11.03,2893653.59,3195322.825
20130913,11.28,13.86,11.28,13.21,9019878.46,11406618.8557
20130920,13.22,13.64,12.51,12.79,2991394.99,3886283.4475
20130927,12.8,12.97,11.5,11.9,4508146.75,5478117.7502
20131004,11.9,12.04,11.82,11.88,373601.68,445333.346
20131011,11.88,12.78,11.51,12.69,3280914.0,4075807.5477
20131018,12.6,12.69,11.93,12.2,2319067.07,2842323.0253
20131025,12.21,13.8,12.01,13.43,5580161.79,7163792.8118
20131101,13.4,14.49,12.97,13.87,6304015.79,8741969.9874
20131108,13.98,14.09,12.96,13.33,3848579.01,5142604.3239
20131115,13.33,14.1,12.97,13.36,4461041.16,6029971.1003
20131122,13.48,14.2,13.25,13.67,4305642.54,5938116.4785
20131129,13.4,13.89,13.36,13.6,2740208.82,3731769.8335
20131206,13.64,14.06,13.24,13.29,4005156.2,5439950.2239
20131213,13.3,13.39,12.45,12.55,2495688.07,3224010.2334
20131220,12.5,12.88,11.91,11.91,2193624.13,2748603.2612
20131227,11.92,12.18,11.43,11.75,2470379.93,2899093.7314
20140103,11.79,12.39,11.65,11.93,2303634.79,2767770.2879
20140110,11.89,12.0,11.5,11.82,2245009.89,2639052.4205
20140117,11.8,11.91,11.45,11.48,1862397.62,2164274.3838
20140124,11.48,11.86,11.25,11.66,2052918.2,2383269.0519
20140131,11.56,11.64,11.35,11.4,1436197.74,1648749.6974
20140207,11.32,11.38,11.1,11.38,418757.43,470138.3325
20140214,11.38,12.5,11.35,12.08,4386845.68,5253777.6769
20140221,12.1,12.25,11.58,11.6,3439479.12,4084298.4241
20140228,11.45,11.48,10.88,11.13,2625468.99,2930940.0803
20140307,11.02,11.08,10.51,10.8,2504070.88,2714629.9368
20140314,10.7,10.79,10.1,10.32,2587235.02,2692064.8936
20140321,10.41,10.94,10.03,10.79,2874516.64,2987918.4995
20140328,10.77,11.03,10.52,10.78,2954282.64,3181435.306
20140404,10.85,11.02,10.59,10.79,1858512.09,2011313.1673
20140411,10.78,11.6,10.78,11.4,3263590.64,3679780.3708
20140418,11.35,11.45,10.72,10.8,1961505.54,2162648.9109
20140425,10.75,11.52,10.67,11.25,3360805.86,3760597.1195
20140502,11.25,11.28,10.92,11.14,1199263.04,1330135.8183
20140509,11.1,11.15,10.81,11.05,1614487.51,1771554.7896
20140516,11.15,11.44,11.02,11.27,1948347.69,2197302.8984
20140523,11.27,11.66,11.08,11.58,1764537.99,2012477.6307
20140530,11.65,11.74,11.39,11.5,1708446.1,1974717.8077
20140606,11.5,11.69,11.25,11.38,1034730.41,1181561.839
20140613,11.35,11.84,9.6,10.12,2975684.68,3194325.0455
20140620,10.06,10.24,9.68,9.85,2813732.26,2808927.8282
20140627,9.85,9.95,9.64,9.82,1697121.69,1661686.0057
20140704,9.8,10.01,9.79,9.91,1807439.49,1788673.8677
20140711,9.91,9.93,9.58,9.67,1955617.72,1908274.2794
20140718,9.68,9.72,9.52,9.6,1776007.01,1705594.7483
20140725,9.6,10.3,9.52,10.22,4102135.48,4085841.3753
20140801,10.26,11.1,10.24,10.7,5372025.95,5801122.0979
20140808,10.7,11.09,10.46,10.54,3569533.14,3814455.4146
20140815,10.56,10.75,10.45,10.58,2834332.12,3004271.5751
20140822,10.59,10.69,10.25,10.35,2856923.05,2991333.3511
20140829,10.35,10.39,10.14,10.25,2326442.64,2378023.7061
20140905,10.24,10.64,10.17,10.57,3268752.5,3414038.5979
20140912,10.55,10.58,10.27,10.37,2220406.52,2307685.9463
20140919,10.33,10.46,10.18,10.38,3239570.14,3340617.0556
20140926,10.33,10.34,10.02,10.12,3143703.2,3196057.1654
20141003,10.14,10.19,10.09,10.14,1089341.15,1103678.6202
20141010,10.17,10.29,10.13,10.16,1996429.81,2034255.0867
20141017,10.12,10.35,10.02,10.12,3717665.22,3776291.2383
20141024,10.15,10.35,10.06,10.18,4063422.69,4144512.9877
20141031,10.1,11.35,9.98,11.03,7439213.13,7842320.5269
20141107,11.16,11.38,10.66,10.91,7401196.64,8128123.901
20141114,11.05,11.64,10.8,10.93,8234112.84,9199873.8609
20141121,10.95,10.99,10.5,10.8,4241824.32,4526250.729
20141128,10.61,12.44,10.52,12.44,12928785.91,14719128.2794
20141205,12.6,15.23,12.08,14.53,19817033.16,26377940.6158
20141212,14.21,15.53,13.02,13.94,15383511.67,22132453.8424
20141219,13.75,15.67,13.27,15.0,13075832.39,19036847.4066
20141226,14.9,16.16,13.68,15.1,11709862.25,17439384.8791
20150102,15.61,16.05,14.75,15.84,7352292.26,11381625.6923
20150109,15.99,16.39,14.71,15.08,10643192.94,16617011.9545
20150116,14.87,15.62,14.5,15.37,6431211.92,9659530.5346
20150123,14.01,14.63,13.56,14.4,8282870.17,11748859.4507
20150130,14.36,14.44,13.75,13.93,5584847.99,7839242.3686
20150206,13.6,14.43,13.4,13.51,5496042.13,7639315.3815
20150213,13.5,14.18,13.22,13.95,3722269.94,5111505.5178
20150220,13.95,14.11,13.73,13.99,1401693.98,1954328.7066
20150227,14.04,14.16,13.6,13.99,2396506.71,3338404.5438
20150306,14.03,14.09,13.29,13.44,4278898.92,5847164.811
20150313,13.47,15.61,13.32,14.99,10963509.59,15859449.159
20150320,15.1,15.8,14.92,15.32,9566009.75,14672887.5383
20150327,15.33,15.59,14.71,15.08,7468247.76,11367374.8744
20150403,15.23,16.6,15.1,15.85,9799892.04,15502351.5569
20150410,16.15,19.8,16.15,19.8,12845391.63,22816859.3211
20150417,17.0,17.5,16.1,16.93,15774100.83,26338339.5584
20150424,17.1,17.2,15.98,16.14,13398861.4,22213259.3959
20150501,16.21,17.38,16.2,16.7,12265931.44,20492131.7359
20150508,16.7,16.7,15.49,15.85,8310003.83,13276536.2704
20150515,15.8,16.25,15.27,15.45,9060038.56,14325866.9496
20150522,15.2,16.3,14.97,16.27,10072318.15,15850288.7909
20150529,16.35,16.91,15.11,15.32,12611790.05,20522500.8008
20150605,15.33,16.8,15.19,16.3,12576405.08,20113873.5006
20150612,16.32,17.45,16.19,16.51,14181753.59,23821364.896
20150619,16.53,16.6,14.5,14.63,8888374.0,13909588.3281
20150626,14.64,15.63,13.38,13.77,7971970.87,11737198.4064
20150703,14.08,14.59,12.75,13.07,11576736.95,16008066.962
20150710,14.3,15.36,12.11,14.86,22181878.7,31026573.2374
20150717,14.4,14.89,13.4,13.82,10544426.29,14760899.0261
20150724,13.8,13.8,13.32,13.38,6451423.33,8747942.8425
20150731,13.25,13.32,12.02,12.36,6743768.72,8445378.5495
20150807,12.2,12.99,12.15,12.61,3804091.41,4803832.4994
20150814,12.66,12.99,12.42,12.64,3998561.08,5085258.3712
20150821,12.61,12.74,11.46,11.5,4425863.44,5380659.613
20150828,11.1,11.17,9.3,10.83,9659548.36,9825708.6567
20150904,10.71,12.0,10.48,11.84,6937705.36,7855925.4392
20150911,11.55,11.56,10.59,10.96,3866133.39,4283755.7867
20150918,10.99,11.14,10.45,10.81,2807606.86,3033138.3651
20150925,10.7,11.06,10.45,10.55,1955270.7,2106253.7724
20151002,10.56,10.59,10.32,10.49,897350.56,940028.6501
20151009,10.85,10.95,10.7,10.9,968682.91,1050116.6321
20151016,10.96,11.38,10.91,11.23,2684345.94,2994759.276
20151023,11.27,11.75,11.15,11.47,4531394.69,5149086.8918
20151030,11.6,11.81,11.25,11.36,3063799.48,3511123.1006
20151106,11.27,12.57,11.01,12.39,5938329.93,7033672.5271
20151113,12.5,13.38,12.19,12.24,5819345.15,7412529.7904
20151120,12.13,12.7,12.09,12.55,3469197.04,4325869.163
20151127,12.55,12.6,11.53,11.73,3065888.9,3750070.9083
20151204,11.72,12.75,11.5,12.12,5145017.88,6263005.6635
20151211,12.18,12.25,11.73,11.83,2132390.4,2557662.8142
20151218,11.73,12.55,11.71,12.23,3015706.3,3642112.0949
20151225,12.14,12.78,12.11,12.41,4058326.5,5055818.4672
20160101,12.43,12.46,11.95,11.99,2466136.73,2980649.4798
20160108,12.0,12.03,10.9,11.12,2664762.94,3033810.0669
20160115,11.0,11.08,10.42,10.46,2799882.45,3014469.3224
20160122,10.34,10.8,10.22,10.4,2598799.71,2734073.7898
20160129,10.4,10.44,9.6,10.0,2440346.45,2439406.8898
20160205,9.98,10.03,9.74,9.92,1705401.28,1689764.5489
20160219,9.66,10.22,9.65,10.04,2017129.39,2022497.2872
20160226,10.13,10.31,9.6,9.79,2357944.67,2362704.258
20160304,9.79,10.5,9.42,10.4,3555759.39,3569277.4734
20160311,10.35,10.49,9.94,10.16,2433167.1,2486805.2739
20160318,10.21,10.57,10.16,10.54,3146176.98,3269782.5762
20160325,10.55,10.94,10.5,10.59,2585670.18,2765884.3801
20160401,10.62,10.75,10.38,10.66,2004368.66,2123119.8227
20160408,10.62,10.81,10.5,10.57,1781841.63,1897288.5909
20160415,10.6,10.97,10.6,10.88,2762616.26,2980638.5384
20160422,10.82,10.85,10.36,10.55,2093956.52,2220328.645
20160429,10.56,10.76,10.42,10.57,1742949.14,1842647.8493
20160506,10.58,10.75,10.52,10.52,1487599.66,1586396.3505
20160513,10.5,10.53,10.25,10.35,1541211.92,1596929.0642
20160520,10.32,10.37,10.17,10.3,1377281.05,1414736.6189
20160527,10.33,10.34,10.17,10.27,1271391.65,1302476.6782
20160603,10.25,10.57,10.2,10.5,2600590.45,2715258.0325
20160610,10.51,10.54,10.45,10.5,835802.4,877537.2537
20160617,10.46,10.48,8.53,8.58,1698469.58,1638037.4028
20160624,8.59,8.73,8.52,8.57,1892761.75,1632354.8308
20160701,8.57,8.74,8.54,8.71,1742480.08,1507779.2068
20160708,8.69,8.86,8.67,8.74,1927439.95,1693022.9601
20160715,8.75,9.05,8.74,8.99,2587226.9,2302080.9612
20160722,8.99,9.08,8.92,8.94,1816460.05,1632231.3397
20160729,8.93,9.24,8.91,9.2,2781253.84,2522170.4231
20160805,9.18,9.34,8.93,9.04,3703522.01,3371113.8127
20160812,9.04,9.53,9.01,9.5,3556408.62,3288499.8841
20160819,9.55,9.8,9.43,9.51,4754675.08,4557566.1371
20160826,9.5,9.51,9.34,9.45,3721994.18,3503920.5773
20160902,9.41,9.52,9.38,9.45,2498987.41,2360928.1926
20160909,9.46,9.46,9.36,9.38,2126698.06,2000033.2748
20160916,9.29,9.32,9.05,9.06,1638994.4,1504954.2826
20160923,9.05,9.19,9.03,9.15,1980105.0,1803311.2783
20160930,9.13,9.13,9.01,9.07,1723920.68,1561806.7068
20161014,9.1,9.17,9.04,9.09,2212848.29,2014365.4761
20161021,9.08,9.13,9.03,9.13,2462337.75,2234181.4619
20161028,9.13,9.3,9.12,9.17,2723020.38,2503871.5564
20161104,9.15,9.17,9.05,9.11,2777587.19,2531647.098
20161111,9.1,9.18,9.01,9.18,3470820.24,3165125.455
20161118,9.16,9.25,9.16,9.18,2968185.49,2731981.371
20161125,9.18,9.62,9.17,9.62,5576793.46,5250058.434
20161202,9.69,9.78,9.44,9.55,4669122.39,4490431.527
20161209,9.5,9.75,9.41,9.65,4046324.53,3859729.565
20161216,9.65,9.77,9.21,9.25,3724778.15,3513897.281
20161223,9.22,9.23,9.07,9.08,2224823.06,2031906.664
20161230,9.06,9.13,9.02,9.1,1548321.18,1405687.375
20170106,9.11,9.18,9.09,9.13,1611697.13,1475044.746
20170113,9.13,9.19,9.11,9.16,1767874.55,1617594.25
20170120,9.15,9.24,9.07,9.22,2634029.05,2411942.912
20170127,9.22,9.34,9.2,9.33,1615657.93,1496627.381
20170203,9.34,9.36,9.23,9.26,315472.24,292617.943
20170210,9.26,9.36,9.24,9.33,2099541.86,1953074.374
20170217,9.34,9.54,9.33,9.39,2592318.51,2445827.13
20170224,9.4,9.62,9.4,9.5,2676133.66,2551314.838
20170303,9.5,9.55,9.36,9.4,1870338.33,1769654.302
20170310,9.4,9.46,9.36,9.4,1711974.76,1610338.608
20170317,9.39,9.53,9.3,9.31,3715950.54,3496873.354
20170324,9.29,9.31,9.14,9.19,2980210.3,2745652.765
20170331,9.12,9.19,9.06,9.17,3387932.26,3090135.515
20170407,9.16,9.22,9.15,9.2,1448386.32,1331053.221
20170414,9.2,9.21,9.06,9.08,2317061.48,2116674.664
20170421,9.08,9.11,8.89,8.97,2429975.87,2183446.651
20170428,8.97,9.01,8.89,8.99,1828914.59,1637766.316
20170505,8.96,8.96,8.58,8.63,1911554.79,1680651.931
20170512,8.6,8.9,8.54,8.9,2778973.77,2417795.282
20170519,8.89,8.95,8.68,8.69,2000460.52,1758636.959
20170526,8.68,9.14,8.61,9.1,4528446.43,4033381.32
20170602,9.1,9.29,9.06,9.17,2370150.77,2178406.062
20170609,9.13,9.22,8.99,9.15,2703670.03,2458481.433
20170616,9.15,9.19,9.01,9.02,1952246.37,1774136.024
20170623,9.03,9.4,9.02,9.25,3311215.16,3050057.681
20170630,9.26,9.49,9.26,9.39,3414020.36,3203176.888
20170707,9.4,9.48,9.27,9.47,2943713.34,2758808.518
20170714,9.45,10.94,9.44,10.9,12888851.1,13303375.281
20170721,10.95,11.33,10.62,10.89,10593989.56,11618939.969
20170728,10.82,11.27,10.53,10.74,7358530.65,8016941.591
20170804,10.8,11.34,10.45,11.17,8011814.31,8804772.609
20170811,11.06,11.17,9.99,10.02,5993056.83,6360815.21
20170818,10.13,10.6,10.04,10.44,4159795.53,4287029.419
20170825,10.43,11.17,10.37,11.11,4482177.21,4854515.081
20170901,11.1,11.74,11.1,11.21,6170360.16,7040465.174
20170908,11.18,11.94,11.17,11.49,4526929.27,5255834.558
20170915,11.54,11.69,11.15,11.29,3743076.17,4260722.048
20170922,11.25,11.52,11.05,11.44,3445315.82,3888907.775
20170929,11.44,11.45,10.82,11.11,3426540.26,3792213.436
20171013,11.57,11.64,11.25,11.36,4046671.46,4637289.876
20171020,11.36,11.72,11.29,11.48,3598561.24,4158402.976
20171027,11.39,11.56,11.12,11.56,4400993.05,4970744.082
20171103,11.55,11.73,11.26,11.39,3946007.92,4539875.968
20171110,11.42,12.59,11.09,12.3,11822733.41,14277785.753
20171117,12.35,13.46,12.35,13.18,8875225.49,11535878.271
20171124,13.13,15.24,13.05,14.56,12968816.9,18604936.323
20171201,14.3,14.3,12.96,13.0,8559181.62,11644345.228
20171208,13.05,13.49,12.75,13.09,7330822.61,9607728.358
20171215,13.08,13.57,12.67,12.72,7396557.11,9678616.429
20171222,12.73,13.68,12.64,13.52,6537756.93,8642055.885
20171229,13.52,13.86,13.02,13.3,6611768.36,8860198.507
20180105,13.35,13.93,13.13,13.3,8108913.13,10920597.621
20180112,13.25,13.68,12.86,13.55,8704112.47,11527400.757
20180119,13.51,15.13,13.5,14.8,12942410.98,18658510.239
20180126,14.6,15.08,14.0,14.05,11456924.2,16609922.968
20180202,14.05,14.3,13.53,14.05,8115143.14,11291468.961
20180209,13.8,14.57,11.38,11.69,13223351.72,17509255.001
20180216,11.78,12.21,11.56,12.0,3391151.37,4032538.727
20180223,12.25,12.79,12.25,12.61,2282069.27,2851748.296
20180302,12.77,12.85,11.85,11.95,5095854.73,6233383.621
20180309,11.93,12.34,11.77,12.09,4965547.94,5985965.188
20180316,12.15,12.22,11.64,11.64,5105240.88,6080940.504
20180323,11.66,12.12,10.92,11.34,5839767.42,6794436.075
20180330,11.15,11.2,10.55,10.9,5669331.57,6203168.393
20180406,10.87,11.01,10.51,10.87,3602550.81,3880408.678
20180413,10.8,11.92,10.73,11.57,7035101.15,8082162.998
20180420,11.47,11.69,11.03,11.35,6012632.35,6824983.233
20180427,11.3,11.94,10.63,10.85,6845706.22,7769356.883
20180504,10.97,11.03,10.57,10.68,3182388.27,3429872.733
20180511,10.7,11.15,10.64,11.01,4300377.02,4705947.819
20180518,11.09,11.23,10.76,10.96,3587799.83,3947274.941
20180525,11.07,11.11,10.55,10.59,3625909.4,3897567.851
20180601,10.58,10.66,10.02,10.19,4167914.47,4280511.664
20180608,10.23,10.46,10.06,10.12,4324340.53,4424459.41
20180615,10.06,10.29,9.92,10.17,4280359.9,4315074.028
20180622,10.05,10.15,9.76,9.85,3827401.06,3800475.006
20180629,9.91,9.92,8.87,9.09,5150575.93,4764106.593
20180706,9.05,9.05,8.45,8.66,5125563.53,4446722.565
20180713,8.69,9.03,8.58,8.88,4901983.84,4346872.401
20180720,8.85,9.2,8.61,9.11,3806004.47,3371040.329
20180727,9.04,9.59,9.0,9.25,5170189.41,4826484.195
20180803,9.32,9.5,8.88,8.91,3648566.35,3363448.206
20180810,8.94,9.35,8.88,9.23,3054338.56,2787629.48
20180817,9.12,9.16,8.64,8.81,3206923.44,2854248.314
20180824,8.9,10.28,8.87,10.03,6697713.52,6358839.631
20180831,10.02,10.43,9.97,10.13,6715867.92,6858803.51
20180907,10.09,10.55,9.93,10.01,4708303.81,4796533.022
20180914,10.01,10.1,9.81,9.84,3534261.76,3501723.752
20180921,9.8,10.7,9.68,10.67,5120305.29,5225261.992
20180928,10.52,11.27,10.48,11.05,5458134.13,5904900.679
20181012,10.7,10.79,9.7,10.3,7257596.97,7483906.024
20181019,10.39,10.78,9.92,10.76,7235319.55,7482595.841
20181026,10.81,11.46,10.71,11.18,9062500.14,10022819.59
20181102,11.2,11.24,10.62,11.09,8001839.62,8738083.643
20181109,10.95,11.04,10.4,10.55,5236492.49,5637209.487
20181116,10.46,10.72,10.38,10.57,4728125.92,4976015.415
20181123,10.57,10.88,10.31,10.32,4261547.95,4529963.4
